id,user_id,twt_text,twt_date,twt_hash
1,1,whiteboard end-to-end convergence,5/26/2018,#python
2,20,utilize granular experiences,10/9/2017,#monkey
3,30,maximize one-to-one action-items,1/24/2018,#monkey
4,9,morph mission-critical models,3/30/2018,#flask
5,33,whiteboard one-to-one e-tailers,10/4/2017,#python
6,32,enable strategic communities,9/8/2017,#monkey
7,39,strategize visionary e-services,4/26/2018,#pek
8,31,streamline user-centric networks,7/29/2018,#monkey
9,19,brand integrated experiences,7/13/2018,#python
10,47,recontextualize back-end e-tailers,3/24/2018,#monkey
11,7,recontextualize real-time infrastructures,11/5/2017,#pek
12,19,strategize next-generation e-markets,3/18/2018,#flask
13,48,implement extensible action-items,2/14/2018,#flask
14,6,evolve out-of-the-box relationships,5/15/2018,#pek
15,16,unleash robust markets,10/17/2017,#flask
16,27,grow granular ROI,6/23/2018,#flask
17,11,engage impactful infrastructures,12/24/2017,#monkey
18,45,engineer value-added supply-chains,7/11/2018,#python
19,44,evolve B2C paradigms,3/31/2018,#sql
20,50,deploy plug-and-play networks,12/4/2017,#pek
21,30,reintermediate B2B infrastructures,6/18/2018,#sql
22,37,engage seamless channels,9/1/2017,#pek
23,50,syndicate global synergies,9/30/2017,#sql
24,46,benchmark user-centric communities,6/29/2018,#monkey
25,30,e-enable dot-com experiences,7/12/2018,#sql
26,46,synergize web-enabled initiatives,3/15/2018,#python
27,8,syndicate extensible infrastructures,12/3/2017,#python
28,18,scale e-business relationships,8/16/2017,#python
29,2,optimize best-of-breed e-markets,6/28/2018,#python
30,10,expedite cross-platform experiences,3/4/2018,#python
31,28,transition ubiquitous experiences,10/10/2017,#monkey
32,14,empower bleeding-edge bandwidth,4/28/2018,#flask
33,7,harness world-class convergence,11/12/2017,#flask
34,20,transform turn-key content,12/8/2017,#python
35,49,syndicate world-class channels,6/15/2018,#sql
36,30,exploit sexy communities,1/4/2018,#python
37,18,transform clicks-and-mortar e-business,8/6/2018,#monkey
38,22,streamline enterprise synergies,3/1/2018,#pek
39,1,integrate intuitive relationships,11/2/2017,#monkey
40,25,deploy virtual users,5/26/2018,#sql
41,40,morph vertical initiatives,1/8/2018,#python
42,17,synthesize granular vortals,8/3/2018,#python
43,20,reinvent cross-platform web-readiness,1/8/2018,#flask
44,15,unleash intuitive applications,7/17/2018,#flask
45,18,brand out-of-the-box methodologies,4/4/2018,#flask
46,34,optimize granular web services,3/31/2018,#flask
47,6,drive cross-platform niches,1/22/2018,#monkey
48,13,drive B2B portals,4/16/2018,#monkey
49,16,target cutting-edge action-items,7/18/2018,#flask
50,38,aggregate enterprise content,12/18/2017,#sql
51,7,redefine leading-edge synergies,4/13/2018,#python
52,44,implement frictionless users,9/13/2017,#monkey
53,48,maximize bleeding-edge channels,9/27/2017,#flask
54,20,reintermediate ubiquitous portals,4/24/2018,#flask
55,50,empower customized systems,2/15/2018,#flask
56,43,morph global communities,4/19/2018,#sql
57,23,syndicate viral mindshare,1/13/2018,#flask
58,19,monetize value-added partnerships,11/6/2017,#sql
59,25,scale rich infrastructures,4/17/2018,#python
60,47,facilitate bleeding-edge channels,1/31/2018,#sql
61,28,target extensible users,10/27/2017,#python
62,30,mesh web-enabled e-markets,5/5/2018,#sql
63,8,disintermediate magnetic deliverables,1/30/2018,#sql
64,2,drive 24/365 supply-chains,7/10/2018,#sql
65,23,redefine back-end web-readiness,7/11/2018,#pek
66,34,enable wireless platforms,9/24/2017,#monkey
67,43,redefine intuitive solutions,3/22/2018,#flask
68,35,engage world-class web services,9/3/2017,#monkey
69,41,expedite sexy e-commerce,7/24/2018,#monkey
70,20,scale 24/365 eyeballs,8/19/2017,#sql
71,41,deliver scalable technologies,10/9/2017,#monkey
72,20,leverage 24/7 eyeballs,1/27/2018,#python
73,7,embrace killer experiences,12/22/2017,#python
74,29,scale global mindshare,8/2/2018,#flask
75,11,cultivate sexy web-readiness,10/10/2017,#sql
76,19,monetize proactive partnerships,8/29/2017,#flask
77,5,grow sexy markets,11/12/2017,#sql
78,47,enhance out-of-the-box content,12/23/2017,#monkey
79,13,incentivize out-of-the-box niches,9/23/2017,#sql
80,15,engage turn-key e-business,12/2/2017,#pek
81,47,benchmark bleeding-edge communities,8/3/2018,#python
82,32,drive frictionless web services,10/10/2017,#pek
83,24,reintermediate B2C niches,4/9/2018,#sql
84,21,transform efficient platforms,8/21/2017,#sql
85,10,engage mission-critical applications,2/12/2018,#monkey
86,14,expedite 24/7 models,3/10/2018,#pek
87,4,strategize 24/7 solutions,1/4/2018,#flask
88,35,streamline dot-com convergence,10/13/2017,#sql
89,8,target wireless systems,6/18/2018,#monkey
90,43,scale open-source channels,8/11/2018,#python
91,34,empower enterprise platforms,9/7/2017,#sql
92,20,drive integrated relationships,7/22/2018,#sql
93,50,scale rich infomediaries,9/13/2017,#monkey
94,48,enable cross-media e-tailers,10/16/2017,#pek
95,21,revolutionize innovative vortals,12/21/2017,#sql
96,33,synergize efficient infrastructures,3/28/2018,#sql
97,29,drive mission-critical supply-chains,12/29/2017,#flask
98,40,iterate seamless e-business,1/3/2018,#pek
99,35,orchestrate scalable e-markets,1/5/2018,#python
100,23,morph proactive web-readiness,11/23/2017,#monkey
101,17,drive web-enabled e-commerce,9/8/2017,#python
102,16,drive next-generation synergies,2/16/2018,#pek
103,3,implement best-of-breed infomediaries,1/14/2018,#sql
104,22,extend visionary vortals,5/2/2018,#flask
105,50,maximize web-enabled web-readiness,12/24/2017,#pek
106,29,target compelling deliverables,4/2/2018,#monkey
107,2,unleash interactive synergies,12/26/2017,#flask
108,21,whiteboard cutting-edge paradigms,6/16/2018,#flask
109,21,utilize turn-key metrics,9/6/2017,#pek
110,5,orchestrate e-business technologies,5/24/2018,#pek
111,25,deliver proactive communities,2/26/2018,#flask
112,47,deploy vertical niches,9/2/2017,#sql
113,24,optimize dynamic communities,8/15/2017,#python
114,39,cultivate cross-platform e-services,9/15/2017,#monkey
115,4,implement cross-media architectures,1/5/2018,#python
116,20,engineer end-to-end e-services,3/17/2018,#python
117,33,reinvent seamless architectures,12/24/2017,#sql
118,37,target clicks-and-mortar bandwidth,9/19/2017,#flask
119,3,seize 24/7 web services,9/26/2017,#python
120,24,drive magnetic ROI,1/14/2018,#flask
121,34,orchestrate web-enabled infomediaries,1/13/2018,#python
122,9,enable cross-platform systems,12/19/2017,#pek
123,21,transform visionary channels,12/24/2017,#sql
124,25,orchestrate B2B initiatives,11/7/2017,#pek
125,11,empower end-to-end communities,12/28/2017,#python
126,16,streamline transparent paradigms,9/15/2017,#sql
127,33,recontextualize integrated e-services,4/13/2018,#python
128,13,incentivize B2B schemas,10/23/2017,#flask
129,35,revolutionize proactive infrastructures,1/26/2018,#monkey
130,35,incentivize 24/365 technologies,12/31/2017,#flask
131,11,streamline transparent solutions,8/17/2017,#pek
132,50,drive user-centric platforms,10/17/2017,#flask
133,39,matrix mission-critical web services,11/30/2017,#monkey
134,12,matrix holistic channels,3/6/2018,#sql
135,21,envisioneer magnetic experiences,2/18/2018,#python
136,8,unleash world-class ROI,2/3/2018,#sql
137,42,enable strategic action-items,4/7/2018,#pek
138,12,matrix compelling metrics,8/1/2018,#pek
139,23,recontextualize next-generation supply-chains,10/29/2017,#python
140,31,reinvent distributed partnerships,11/3/2017,#monkey
141,2,expedite revolutionary infrastructures,1/15/2018,#python
142,16,reintermediate web-enabled portals,5/17/2018,#pek
143,22,aggregate value-added web services,2/12/2018,#pek
144,37,deliver visionary deliverables,1/17/2018,#flask
145,36,transform synergistic metrics,11/9/2017,#python
146,19,cultivate out-of-the-box methodologies,5/2/2018,#monkey
147,41,repurpose virtual partnerships,6/30/2018,#monkey
148,4,optimize bricks-and-clicks architectures,4/9/2018,#python
149,25,innovate cross-media web services,10/12/2017,#flask
150,31,facilitate front-end users,12/17/2017,#flask
151,11,extend holistic web services,11/21/2017,#monkey
152,48,engage frictionless portals,12/25/2017,#monkey
153,38,transition real-time partnerships,1/24/2018,#sql
154,41,benchmark front-end supply-chains,7/17/2018,#python
155,16,deliver value-added mindshare,8/3/2018,#monkey
156,47,reinvent mission-critical bandwidth,7/22/2018,#flask
157,2,benchmark clicks-and-mortar infrastructures,11/28/2017,#pek
158,45,e-enable distributed deliverables,10/25/2017,#pek
159,9,productize cross-media solutions,9/17/2017,#flask
160,26,seize global e-markets,7/2/2018,#sql
161,2,strategize bricks-and-clicks e-services,2/25/2018,#pek
162,6,envisioneer sexy web services,10/9/2017,#sql
163,29,strategize sticky platforms,8/1/2018,#pek
164,4,brand efficient e-markets,8/2/2018,#monkey
165,9,recontextualize turn-key partnerships,5/2/2018,#python
166,18,streamline visionary web-readiness,1/9/2018,#sql
167,50,redefine open-source action-items,4/15/2018,#flask
168,5,drive collaborative eyeballs,1/12/2018,#sql
169,50,implement leading-edge e-business,7/8/2018,#sql
170,44,exploit next-generation methodologies,9/19/2017,#pek
171,48,extend leading-edge action-items,1/23/2018,#python
172,24,incentivize rich convergence,6/27/2018,#python
173,15,drive magnetic platforms,2/19/2018,#monkey
174,18,drive transparent platforms,5/29/2018,#sql
175,18,revolutionize best-of-breed platforms,5/14/2018,#sql
176,26,synergize compelling users,8/30/2017,#flask
177,25,leverage front-end content,2/16/2018,#flask
178,48,mesh plug-and-play metrics,9/27/2017,#python
179,41,strategize visionary experiences,8/6/2018,#flask
180,42,incubate distributed e-tailers,7/20/2018,#flask
181,33,redefine mission-critical communities,9/30/2017,#sql
182,33,disintermediate mission-critical e-tailers,7/29/2018,#pek
183,10,deliver transparent platforms,12/14/2017,#pek
184,33,utilize web-enabled web services,12/30/2017,#flask
185,17,generate granular initiatives,3/11/2018,#python
186,30,brand interactive networks,2/16/2018,#sql
187,48,benchmark leading-edge deliverables,12/25/2017,#sql
188,35,innovate rich architectures,1/26/2018,#python
189,46,revolutionize leading-edge methodologies,5/5/2018,#python
190,10,maximize vertical methodologies,10/8/2017,#sql
191,23,orchestrate strategic platforms,8/13/2017,#pek
192,37,benchmark bleeding-edge models,9/17/2017,#monkey
193,25,enable user-centric markets,1/27/2018,#sql
194,30,scale user-centric markets,9/22/2017,#pek
195,23,evolve out-of-the-box platforms,6/16/2018,#monkey
196,22,implement dot-com e-tailers,3/22/2018,#monkey
197,31,reinvent strategic relationships,7/12/2018,#sql
198,18,repurpose ubiquitous web services,8/7/2018,#python
199,8,orchestrate granular convergence,5/22/2018,#monkey
200,30,deploy virtual communities,8/6/2018,#pek
201,14,engage sticky portals,12/11/2017,#pek
202,40,architect out-of-the-box synergies,8/23/2017,#sql
203,10,implement intuitive deliverables,9/3/2017,#python
204,6,scale leading-edge bandwidth,1/23/2018,#python
205,10,reintermediate turn-key communities,3/16/2018,#python
206,35,transition interactive partnerships,1/17/2018,#pek
207,20,utilize revolutionary metrics,7/30/2018,#flask
208,37,leverage visionary web-readiness,7/16/2018,#monkey
209,1,facilitate 24/365 e-markets,3/22/2018,#monkey
210,26,benchmark holistic interfaces,10/16/2017,#flask
211,22,engage visionary partnerships,9/7/2017,#sql
212,19,synthesize value-added paradigms,7/30/2018,#pek
213,25,unleash clicks-and-mortar channels,12/18/2017,#pek
214,16,envisioneer dynamic systems,6/15/2018,#flask
215,28,benchmark 24/7 e-tailers,7/4/2018,#monkey
216,24,streamline clicks-and-mortar users,10/16/2017,#flask
217,33,repurpose scalable methodologies,12/12/2017,#monkey
218,22,strategize magnetic e-services,7/25/2018,#sql
219,46,orchestrate turn-key functionalities,1/26/2018,#sql
220,18,productize sexy web-readiness,4/11/2018,#python
221,12,disintermediate killer partnerships,9/9/2017,#pek
222,4,maximize compelling markets,2/14/2018,#python
223,24,morph magnetic content,1/7/2018,#sql
224,48,cultivate synergistic action-items,7/24/2018,#sql
225,6,cultivate strategic platforms,3/15/2018,#monkey
226,36,mesh interactive e-markets,9/10/2017,#monkey
227,18,orchestrate web-enabled mindshare,12/29/2017,#pek
228,38,redefine end-to-end relationships,11/22/2017,#sql
229,10,engage back-end channels,6/16/2018,#flask
230,16,aggregate sticky interfaces,9/22/2017,#pek
231,39,grow viral e-markets,11/1/2017,#python
232,37,unleash vertical architectures,4/2/2018,#monkey
233,50,incentivize extensible networks,6/21/2018,#monkey
234,23,enable frictionless ROI,8/25/2017,#sql
235,27,embrace world-class applications,12/13/2017,#python
236,25,monetize wireless deliverables,6/25/2018,#flask
237,49,orchestrate turn-key niches,5/19/2018,#pek
238,28,utilize back-end portals,12/18/2017,#sql
239,45,grow seamless supply-chains,1/26/2018,#python
240,16,exploit interactive communities,12/14/2017,#python
241,31,innovate intuitive e-services,2/14/2018,#flask
242,31,utilize wireless systems,2/4/2018,#monkey
243,37,disintermediate user-centric mindshare,10/12/2017,#flask
244,41,streamline best-of-breed action-items,10/16/2017,#monkey
245,34,brand robust convergence,7/19/2018,#pek
246,34,optimize frictionless schemas,9/6/2017,#python
247,37,enable 24/365 e-commerce,2/1/2018,#pek
248,22,target B2B initiatives,4/9/2018,#flask
249,15,exploit proactive ROI,3/12/2018,#python
250,46,recontextualize open-source functionalities,5/20/2018,#python
251,39,morph enterprise content,8/11/2018,#pek
252,18,aggregate revolutionary action-items,2/7/2018,#python
253,34,synthesize viral deliverables,8/16/2017,#flask
254,29,redefine sexy users,9/1/2017,#python
255,7,implement integrated e-commerce,8/21/2017,#sql
256,12,expedite efficient solutions,4/5/2018,#monkey
257,16,architect open-source systems,5/17/2018,#pek
258,50,iterate value-added models,10/11/2017,#pek
259,13,harness integrated e-tailers,11/12/2017,#sql
260,49,e-enable next-generation ROI,8/12/2018,#pek
261,21,embrace frictionless networks,8/24/2017,#python
262,22,orchestrate mission-critical e-tailers,1/14/2018,#sql
263,37,unleash compelling niches,6/29/2018,#monkey
264,47,repurpose turn-key partnerships,7/27/2018,#monkey
265,41,empower open-source infrastructures,1/31/2018,#monkey
266,17,whiteboard rich action-items,7/7/2018,#sql
267,26,drive e-business e-business,2/3/2018,#pek
268,40,revolutionize virtual e-markets,4/13/2018,#pek
269,9,scale rich e-services,2/19/2018,#flask
270,12,expedite holistic methodologies,9/18/2017,#flask
271,4,iterate virtual bandwidth,5/2/2018,#pek
272,48,reintermediate impactful functionalities,5/20/2018,#pek
273,46,expedite 24/7 relationships,2/18/2018,#python
274,30,integrate user-centric technologies,9/6/2017,#flask
275,31,envisioneer killer experiences,10/11/2017,#sql
276,2,extend frictionless niches,10/9/2017,#pek
277,49,streamline dot-com metrics,12/31/2017,#python
278,39,syndicate e-business e-commerce,3/31/2018,#monkey
279,30,target leading-edge users,8/3/2018,#flask
280,38,integrate one-to-one networks,8/17/2017,#pek
281,46,visualize ubiquitous web services,9/13/2017,#monkey
282,49,strategize impactful infrastructures,8/30/2017,#sql
283,27,benchmark e-business bandwidth,7/24/2018,#sql
284,10,synergize B2B deliverables,12/31/2017,#pek
285,38,embrace visionary e-business,5/18/2018,#pek
286,46,orchestrate distributed systems,6/1/2018,#flask
287,12,implement robust functionalities,3/10/2018,#monkey
288,14,mesh out-of-the-box relationships,1/17/2018,#python
289,24,drive killer paradigms,2/26/2018,#monkey
290,24,orchestrate cutting-edge vortals,6/6/2018,#flask
291,32,deploy web-enabled interfaces,4/11/2018,#sql
292,23,visualize compelling content,12/24/2017,#monkey
293,50,disintermediate proactive initiatives,7/17/2018,#monkey
294,14,generate front-end eyeballs,1/18/2018,#python
295,18,facilitate scalable systems,11/25/2017,#sql
296,10,innovate customized content,1/29/2018,#python
297,30,mesh world-class e-services,10/9/2017,#python
298,3,brand revolutionary supply-chains,12/30/2017,#pek
299,28,optimize transparent metrics,8/5/2018,#pek
300,47,optimize real-time e-services,11/27/2017,#sql
301,47,deliver enterprise bandwidth,12/8/2017,#flask
302,36,strategize plug-and-play users,1/28/2018,#flask
303,13,e-enable holistic interfaces,3/7/2018,#sql
304,27,exploit integrated eyeballs,5/28/2018,#python
305,29,iterate virtual metrics,10/28/2017,#pek
306,21,morph frictionless e-services,3/14/2018,#python
307,24,repurpose one-to-one solutions,5/19/2018,#flask
308,44,transform cross-media users,7/19/2018,#flask
309,14,transform leading-edge e-business,5/11/2018,#sql
310,1,matrix collaborative experiences,7/18/2018,#python
311,4,strategize e-business platforms,2/16/2018,#sql
312,4,cultivate sexy eyeballs,2/27/2018,#flask
313,24,synergize cross-platform users,7/23/2018,#sql
314,30,harness dot-com relationships,7/31/2018,#flask
315,32,reintermediate back-end web-readiness,11/16/2017,#pek
316,4,orchestrate viral channels,2/14/2018,#flask
317,15,harness global platforms,4/25/2018,#monkey
318,7,redefine holistic web services,1/23/2018,#monkey
319,41,embrace out-of-the-box schemas,11/18/2017,#pek
320,12,matrix robust models,3/26/2018,#pek
321,10,exploit dynamic ROI,1/4/2018,#sql
322,33,revolutionize dynamic markets,3/7/2018,#monkey
323,8,orchestrate out-of-the-box methodologies,2/16/2018,#python
324,17,maximize sticky e-tailers,3/24/2018,#sql
325,30,deploy revolutionary e-services,5/26/2018,#python
326,27,redefine plug-and-play e-markets,7/8/2018,#flask
327,16,redefine next-generation ROI,7/28/2018,#pek
328,26,engineer mission-critical e-tailers,1/1/2018,#monkey
329,23,optimize user-centric e-commerce,9/14/2017,#flask
330,8,monetize open-source models,12/19/2017,#python
331,36,e-enable compelling architectures,6/5/2018,#flask
332,11,drive ubiquitous e-business,8/12/2018,#pek
333,27,facilitate rich experiences,6/24/2018,#flask
334,43,enable cross-media action-items,2/15/2018,#flask
335,38,enable front-end solutions,10/4/2017,#pek
336,24,recontextualize user-centric supply-chains,7/21/2018,#python
337,35,envisioneer virtual portals,12/16/2017,#pek
338,13,repurpose end-to-end e-commerce,6/8/2018,#pek
339,18,utilize dot-com action-items,5/12/2018,#pek
340,25,synergize end-to-end communities,6/4/2018,#python
341,42,monetize innovative functionalities,8/14/2017,#pek
342,35,deploy wireless networks,2/24/2018,#flask
343,38,deliver mission-critical functionalities,5/1/2018,#flask
344,12,extend web-enabled platforms,12/11/2017,#sql
345,38,strategize proactive experiences,7/9/2018,#python
346,20,aggregate ubiquitous portals,3/31/2018,#python
347,16,drive e-business e-tailers,6/19/2018,#sql
348,16,reintermediate plug-and-play mindshare,6/8/2018,#python
349,31,synergize dot-com initiatives,2/24/2018,#monkey
350,33,utilize e-business methodologies,6/4/2018,#python
351,21,innovate virtual e-tailers,7/18/2018,#pek
352,40,disintermediate collaborative action-items,10/21/2017,#pek
353,37,reintermediate end-to-end e-tailers,8/16/2017,#python
354,41,brand viral vortals,8/5/2018,#pek
355,33,matrix transparent applications,10/11/2017,#sql
356,10,enhance integrated e-tailers,12/21/2017,#sql
357,30,e-enable revolutionary users,12/16/2017,#python
358,6,implement synergistic systems,10/11/2017,#sql
359,19,deliver sticky solutions,4/29/2018,#pek
360,32,brand extensible web-readiness,5/4/2018,#python
361,24,e-enable bleeding-edge bandwidth,2/14/2018,#pek
362,33,deliver dot-com methodologies,11/2/2017,#sql
363,9,synergize end-to-end e-business,6/11/2018,#sql
364,18,syndicate bricks-and-clicks models,9/13/2017,#python
365,47,generate innovative bandwidth,9/6/2017,#monkey
366,14,embrace world-class e-services,5/31/2018,#sql
367,22,syndicate dot-com e-markets,6/29/2018,#python
368,31,facilitate web-enabled models,2/1/2018,#sql
369,36,matrix 24/365 vortals,1/10/2018,#sql
370,27,streamline impactful web-readiness,11/27/2017,#flask
371,9,evolve synergistic ROI,3/3/2018,#sql
372,47,benchmark customized e-commerce,2/18/2018,#flask
373,44,empower transparent mindshare,3/27/2018,#python
374,33,synergize visionary bandwidth,12/3/2017,#python
375,22,revolutionize dot-com e-services,9/2/2017,#monkey
376,8,enhance granular e-markets,1/13/2018,#python
377,3,morph B2B users,12/6/2017,#sql
378,40,revolutionize open-source initiatives,9/21/2017,#python
379,40,streamline end-to-end technologies,4/6/2018,#monkey
380,36,whiteboard rich initiatives,10/6/2017,#flask
381,33,cultivate e-business initiatives,10/20/2017,#flask
382,1,orchestrate virtual e-services,10/17/2017,#pek
383,7,matrix open-source users,7/3/2018,#sql
384,1,extend transparent web-readiness,11/14/2017,#monkey
385,34,expedite collaborative channels,1/15/2018,#monkey
386,19,syndicate user-centric paradigms,12/17/2017,#python
387,16,architect cross-platform e-commerce,1/8/2018,#flask
388,4,deliver web-enabled synergies,1/1/2018,#python
389,37,exploit customized applications,7/19/2018,#flask
390,29,generate scalable paradigms,12/24/2017,#python
391,45,reintermediate real-time solutions,9/17/2017,#sql
392,35,strategize transparent interfaces,11/28/2017,#python
393,40,monetize integrated action-items,2/11/2018,#pek
394,47,incentivize granular communities,11/20/2017,#flask
395,43,matrix cutting-edge infomediaries,1/25/2018,#pek
396,29,iterate turn-key relationships,11/19/2017,#sql
397,11,morph e-business supply-chains,9/17/2017,#pek
398,18,transition impactful users,7/6/2018,#monkey
399,20,matrix killer e-tailers,2/7/2018,#python
400,1,innovate frictionless architectures,8/29/2017,#monkey
401,37,target enterprise technologies,1/5/2018,#flask
402,19,architect cross-media convergence,9/10/2017,#pek
403,23,enhance leading-edge users,10/8/2017,#sql
404,32,architect cutting-edge systems,9/16/2017,#python
405,5,synergize open-source experiences,6/16/2018,#pek
406,28,implement visionary infomediaries,12/14/2017,#flask
407,23,leverage e-business action-items,6/24/2018,#flask
408,15,deliver strategic e-business,8/21/2017,#flask
409,20,morph visionary content,5/16/2018,#python
410,9,transform vertical initiatives,4/29/2018,#python
411,49,aggregate cutting-edge bandwidth,4/4/2018,#python
412,4,target distributed eyeballs,12/8/2017,#sql
413,46,target robust relationships,3/30/2018,#sql
414,46,optimize dynamic applications,1/17/2018,#pek
415,47,orchestrate ubiquitous e-services,11/13/2017,#sql
416,7,extend holistic infrastructures,6/4/2018,#pek
417,33,empower bleeding-edge experiences,6/23/2018,#sql
418,6,synthesize cross-platform metrics,8/25/2017,#monkey
419,5,redefine ubiquitous deliverables,9/29/2017,#monkey
420,21,grow integrated models,3/26/2018,#pek
421,42,scale efficient infomediaries,4/25/2018,#python
422,36,repurpose strategic users,12/13/2017,#sql
423,26,incubate value-added e-business,4/15/2018,#pek
424,7,e-enable innovative metrics,10/22/2017,#pek
425,25,empower interactive architectures,12/29/2017,#python
426,23,productize clicks-and-mortar initiatives,10/6/2017,#flask
427,50,envisioneer extensible e-markets,9/7/2017,#python
428,5,seize 24/365 schemas,6/23/2018,#monkey
429,24,architect seamless web services,2/21/2018,#flask
430,1,benchmark killer schemas,12/16/2017,#flask
431,13,empower cross-media portals,10/23/2017,#sql
432,27,enhance cutting-edge web-readiness,10/24/2017,#sql
433,15,transition scalable content,5/18/2018,#python
434,31,repurpose wireless convergence,3/2/2018,#monkey
435,2,strategize leading-edge e-business,7/13/2018,#python
436,24,repurpose out-of-the-box web services,11/4/2017,#sql
437,37,enable dynamic content,4/19/2018,#pek
438,4,enable magnetic ROI,2/5/2018,#monkey
439,1,cultivate global e-markets,7/20/2018,#python
440,31,revolutionize visionary users,9/12/2017,#flask
441,10,revolutionize e-business platforms,5/12/2018,#python
442,29,e-enable dynamic technologies,9/5/2017,#python
443,15,disintermediate real-time eyeballs,3/23/2018,#python
444,19,envisioneer real-time applications,10/12/2017,#sql
445,48,integrate innovative e-tailers,4/22/2018,#sql
446,41,engage sticky paradigms,12/14/2017,#sql
447,6,target 24/365 e-markets,4/13/2018,#monkey
448,23,syndicate interactive convergence,6/13/2018,#flask
449,45,reintermediate front-end markets,10/22/2017,#python
450,29,revolutionize global relationships,9/29/2017,#pek
451,14,recontextualize sexy metrics,7/27/2018,#pek
452,38,scale one-to-one bandwidth,4/12/2018,#python
453,50,evolve one-to-one web-readiness,6/18/2018,#sql
454,49,benchmark impactful technologies,3/18/2018,#sql
455,2,empower visionary communities,8/30/2017,#pek
456,46,enhance end-to-end synergies,12/14/2017,#sql
457,43,incentivize B2B infrastructures,11/21/2017,#monkey
458,17,iterate holistic e-commerce,2/25/2018,#sql
459,28,repurpose cutting-edge web-readiness,9/23/2017,#sql
460,26,reintermediate web-enabled e-business,3/3/2018,#python
461,48,brand cross-media solutions,10/1/2017,#monkey
462,9,generate B2C e-markets,2/26/2018,#flask
463,28,matrix enterprise architectures,11/16/2017,#pek
464,5,target impactful web services,10/10/2017,#pek
465,14,e-enable cross-platform initiatives,1/19/2018,#sql
466,37,brand distributed applications,3/8/2018,#pek
467,43,deploy killer solutions,3/5/2018,#flask
468,8,revolutionize sticky relationships,1/26/2018,#python
469,26,orchestrate efficient niches,6/8/2018,#pek
470,14,syndicate collaborative technologies,3/7/2018,#flask
471,11,architect frictionless deliverables,4/4/2018,#sql
472,31,integrate e-business infrastructures,7/10/2018,#python
473,16,envisioneer holistic metrics,4/21/2018,#pek
474,28,matrix killer e-markets,6/18/2018,#flask
475,4,incentivize 24/365 vortals,5/16/2018,#python
476,17,enable cutting-edge initiatives,1/24/2018,#sql
477,43,e-enable collaborative functionalities,1/21/2018,#monkey
478,47,enhance killer deliverables,8/19/2017,#pek
479,32,iterate cutting-edge e-markets,3/5/2018,#python
480,49,engage 24/365 ROI,8/25/2017,#flask
481,24,whiteboard user-centric action-items,3/19/2018,#monkey
482,35,facilitate synergistic portals,7/2/2018,#monkey
483,49,repurpose ubiquitous web services,7/20/2018,#python
484,7,implement clicks-and-mortar eyeballs,6/20/2018,#sql
485,10,brand extensible bandwidth,1/13/2018,#flask
486,24,evolve viral models,4/5/2018,#monkey
487,27,maximize collaborative niches,9/18/2017,#pek
488,11,extend real-time relationships,2/10/2018,#pek
489,41,synthesize plug-and-play e-markets,6/23/2018,#flask
490,29,aggregate viral schemas,10/29/2017,#flask
491,33,seize next-generation infrastructures,6/11/2018,#flask
492,49,repurpose killer models,12/22/2017,#pek
493,47,drive world-class metrics,1/11/2018,#python
494,2,brand world-class supply-chains,5/27/2018,#pek
495,14,repurpose efficient communities,8/4/2018,#sql
496,29,enable real-time channels,12/12/2017,#monkey
497,46,deploy proactive communities,7/24/2018,#flask
498,31,aggregate magnetic experiences,8/31/2017,#flask
499,9,iterate intuitive infomediaries,5/12/2018,#monkey
500,1,iterate web-enabled infomediaries,2/19/2018,#sql
